datasets,count
[''],19
['Ahmed-Abousetta/autotrain-data-abunawaf-cognition'],5
['Lloviant/autotrain-data-ex-and-pt'],5
['rwcuffney/autotrain-data-pick_a_card'],5
['suresh-subramanian/autotrain-data-fake-news'],5
['sasha/autotrain-data-DistilBERT-TweetEval'],5
['YXHugging/autotrain-data-xlm-roberta-base-reviews'],5
['sasha/autotrain-data-RobertaBaseTweetEval'],5
['Ahmed-Abousetta/autotrain-data-abunawaf-cognition-auto'],5
['sasha/autotrain-data-BERTBase-imdb'],5
['Eip/autotrain-data-real-vs-fake-news'],5
['SebasV/autotrain-data-tableros_factibilidad'],5
['fernanda-dionello/autotrain-data-goodreads_without_bookid'],5
['abhishek/autotrain-data-butterflies-new'],5
['pachi107/autotrain-data-ethos-sentiments'],5
['sasha/autotrain-data-roberta-base-imdb'],5
['lightbansal/autotrain-data-metadata_postprocess'],5
['JoffreyMa/autotrain-data-histopathological_image_classification'],5
['Lucifermorningstar011/autotrain-data-final'],5
['Kluuking/autotrain-data-cat-vs-dog250_250'],5
['Ahmed-Abousetta/autotrain-data-abunawaf-user'],5
['jwan2021/autotrain-data-poem-sentiment-analysis'],5
['Ahmed-Abousetta/autotrain-data-abunawaf-performance'],5
['Ahmed-Abousetta/autotrain-data-abunawaf-information'],5
['sasha/autotrain-data-BERTBase-TweetEval'],5
['Ahmed-Abousetta/autotrain-data-abunawaf-interaction'],5
['Pavan27/autotrain-data-telugu_summarization'],5
['dazzle-nu/autotrain-data-weather-classification'],4
['chaphoto/autotrain-data-test3'],4
['8kkillian/autotrain-data-weather-classification'],4
['Kluuking/autotrain-data-cat-vs-dog'],4
['palakagl/autotrain-data-PersonalAssitant'],4
['sasha/autotrain-data-DistilBERT-imdb'],4
['msamogh/autonlp-data-cai-out-of-scope'],3
['L-macc/autotrain-data-Biomedical_sc_summ'],3
['tejas23/autotrain-data-amx2'],3
['Aman6917/autotrain-data-tm3_model'],3
['faisalahmad/autotrain-data-nsut-nlp-project-textsummarization'],3
"['abhishek/autotrain-data-iris-train', 'scikit-learn/iris']",3
['billfrench/autonlp-data-cyberlandr-ai-4'],2
['paulkm/autotrain-data-lottery_v2'],2
['Andrei95/autotrain-data-jobbert-8'],2
['aszfcxcgszdx/autotrain-data-multi-lingual-summarization'],2
['omarques/autotrain-data-in-class-test-demo'],2
['Aman6917/autotrain-data-fine_tune_tscholak'],2
['sagard21/autotrain-data-code-explainer'],2
['kdhht2334/autotrain-data-diffusion-emotion-facial-expression-recognition'],2
['ismail-lucifer011/autotrain-data-name_all'],2
['ismail-lucifer011/autotrain-data-company_all'],2
['davanstrien/autotrain-data-recipes'],2
['dippatel11/autotrain-data-dippatel_summarizer'],2
['crcb/autotrain-data-imp_hs'],2
['crcb/autotrain-data-dvs'],2
['crcb/autotrain-data-emo_carer_nojoylove'],2
['Andrei95/autotrain-data-jobbert4'],2
['Souvikcmsa/autotrain-data-sentiment_analysis'],2
['Laksitha/autotrain-data-enhanced-tosdr-summariser'],2
['Andrei95/autotrain-data-jobberta-20'],2
['jawadhussein462/autotrain-data-neurips_chanllenge'],2
['Dwarni/autotrain-data-ant-image-classification'],2
['nurkayevaa/autonlp-data-bert-covid'],2
['fathyshalab/autotrain-data-reklambox'],2
['KoddaDuck/autotrain-data-text-summa'],2
['pedro-m4u/autotrain-data-new_1000_respostas'],2
['alexandreteles/told_br_binary_sm'],2
['Efimov6886/autotrain-data-onlykaggle'],2
['juliensimon/autotrain-data-food101'],2
['Someshfengde/autonlp-data-kaggledays'],2
['edub0420/autotrain-data-graphwerk'],2
['systash/autotrain-data-fake_news_fine_tuned_v4'],2
['hg2001/autotrain-data-animals-vs-humans2'],2
['hiiamsid/autonlp-data-Summarization'],2
['evandrodiniz/autonlp-data-api-boamente'],2
['emekaboris/autonlp-data-txc'],2
['ouiame/autotrain-data-trainproject'],2
['ds198799/autonlp-data-predict_ROI_1'],2
['chinhon/autonlp-data-sg_headline_generator'],2
['ouiame/autotrain-data-Robertatogpt2'],2
['aalbertini1990/autotrain-data-first-test-html'],2
['reesu/autotrain-data-wine_quality'],2
['swww/autotrain-data-mm'],2
['qualitydatalab/autotrain-data-car-review-project'],2
['Cleighton071/autotrain-data-detection-for-product-location'],2
['deepesh0x/autotrain-data-GlueFineTunedModel'],2
['AdamOswald1/autotrain-data-let'],2
['ScarlettSun9/autotrain-data-ZuoZhuan'],2
['cjbarrie/autotrain-data-traintest-sentiment-split'],2
['deepesh0x/autotrain-data-bert_wikipedia_sst_2'],2
['DAGW'],2
['Awesome7749/autotrain-data-patent-101'],2
['davis901/autotrain-data-imdb-textclassification'],2
['RowanTELSCorp/autotrain-data-artunit-50-500'],2
['deepesh0x/autotrain-data-mlsec'],2
['DmitriyVasiliev/autotrain-data-test2summbart'],2
['alanila/autotrain-data-training'],2
['ranajoy98/autotrain-data-clauses_classifier'],2
['banking77'],2
['mmcquade11/autonlp-data-imdb-test'],2
['zenkri/autotrain-data-Arabic_Poetry_by_Subject-1d8ba412'],2
['mmcquade11/autonlp-data-reuters-summarization'],2
['juliensimon/autonlp-data-song-lyrics'],2
['davanstrien/autotrain-data-flyswot-jan'],1
['ivensamdh/autotrain-data-convnext_test_masterage'],1
['Kunologist/autotrain-data-nav-chinese'],1
['docoolthing/autotrain-data-pos_neg_v4'],1
['lucieackley/autotrain-data-multi_msg_4'],1
['Gowtham2003/autotrain-data-autotrain-t5-cnn-v6'],1
['Pafebla/autotrain-data-modelo_hate_detection'],1
['ranajoy98/autotrain-data-contract-new-classifier-19thjan'],1
['ell-hol/autotrain-data-mt5-dialogsum'],1
['Pafebla/autotrain-data-reconocimiento_banderas'],1
['logannyeMD/autotrain-data-enchondroma-vs-low-grade-chondrosarcoma-histology'],1
['team-marmalade/autotrain-data-lots_of_text'],1
['ell-hol/autotrain-data-test-orangesum'],1
['paulkm/autotrain-data-lottery_prod'],1
['hunk3000/autotrain-data-drugrecommendtiny'],1
['Arm627/autotrain-data-wasp_classification_2.0'],1
['hunk3000/autotrain-data-drugrecommendreco'],1
['samaresh55/autotrain-data-contract_risk_identification'],1
['abdalrahmanshahrour/autotrain-data-auto-arabic-summarization'],1
['teacookies/autotrain-data-21-12-2022_exam_part3'],1
['tkurtulus/autotrain-data-rottentomato'],1
['sbrandeis-test-org/autotrain-data-retrain-db16d58'],1
['teacookies/autotrain-data-21-12-2022_exam_part4_1'],1
['teacookies/autotrain-data-21-12-2022_overspeed_governor'],1
['PoseyATX/autotrain-data-caribou2billsum'],1
['teacookies/autotrain-data-21-12-2022_exam_part5'],1
['MMars/autotrain-data-camelbert-mix_flodusta'],1
['venetis/autotrain-data-disaster_tweets_autotrain'],1
['jusgowiturs/autotrain-data-tamil_emotion_11_tamilbert'],1
['ongp/autotrain-data-312312'],1
['jogoni/autotrain-data-cuad-document-type-cleaned'],1
['ongp/autotrain-data-test1'],1
['dafex/autotrain-data-indobert-sentiment-analysis'],1
['micole66/autotrain-data-animalsbull'],1
['LewisShanghai/autotrain-data-books-rating-analysis'],1
['molsen/autotrain-data-genderage'],1
['Aman6917/autotrain-data-fine_tune_table_tm2'],1
['samaresh55/autotrain-data-finance_data_classification'],1
['mkhairil/autotrain-data-text-sentiment-indonlu-smse'],1
['jogoni/autotrain-data-cuad-document-type'],1
['Gowtham2003/autotrain-data-autotrain-t5-cnn'],1
['yigitkucuk/autotrain-data-row-eval'],1
['owsgfwnlgjuz/autotrain-data-test_auto_nlp'],1
['paulmbw/autotrain-data-productkit-customer-insights'],1
['ranajoy98/autotrain-data-contract_types'],1
['mjaydenkim/autotrain-data-gend-ma-classification'],1
['BIDEQUITY/autotrain-data-software_picture_preselection_classifier'],1
['vikey10/autotrain-data-sherlockholmes20230107002'],1
['Hrishikesh332/autotrain-data-ag-news-classification'],1
['MMars/autotrain-data-arabertv2_flodusta'],1
['swww/autotrain-data-test'],1
['onevholy/autotrain-data-15'],1
['ivensamdh/autotrain-data-age3'],1
['PoseyATX/autotrain-data-awfulnewdatatrain'],1
['MMars/autotrain-data-marbertv2_flodusta'],1
['PoseyATX/autotrain-data-letsgettoseventy'],1
['PoseyATX/autotrain-data-foxhunterirontesting'],1
['jeveuxaider/activity-classifier'],1
['teacookies/autotrain-data-18112022-cert'],1
['hr-elrond/autotrain-data-consumer-nature-speech_finbert'],1
['fernanda-dionello/autotrain-data-autotrain_goodreads_string'],1
['Carlangeloconcepcionrepoyo/autotrain-data-dambuhalang-pogi-scout'],1
['LiveEvil/autotrain-data-copuml-production'],1
['LiveEvil/autotrain-data-copuml-la-beta-demo'],1
['crodri/autotrain-data-wikicat_es'],1
['rolosaCBTech/autotrain-data-mt5_xlsum_msamsum'],1
['teacookies/autotrain-data-25112022-cert'],1
['teacookies/autotrain-data-25112022-cert2'],1
['PoseyATX/autotrain-data-billwork_second_half'],1
['AiBototicus/autotrain-data-country-to-country-code-2'],1
['0-hero/autotrain-data-legal-summarisation'],1
['NicholasSynovic/autotrain-data-test'],1
['NicholasSynovic/autotrain-data-test2'],1
['al02783013/autotrain-data-faseiii_final'],1
['poldham/autotrain-data-textcat-paul'],1
['micole66/autotrain-data-what-animal-are-you'],1
['dippatel11/autotrain-data-whatsapp_chat_summarization'],1
['dippatel11/autotrain-data-bart'],1
['dippatel11/autotrain-data-bart-large-samsum-lid'],1
['jdminor/autotrain-data-t5-base-samsum'],1
['alanila/autotrain-data-acc'],1
['johnhabeck/autotrain-data-analyze-vehicle-images'],1
['teacookies/autotrain-data-28102022-cert2'],1
['vegancreativecompass/autotrain-data-scitldr-for-vegan-studies'],1
['DingYao/autotrain-data-fbert-singlish-2'],1
['DingYao/autotrain-data-fbert-singlish-5'],1
['MS-Go/autotrain-data-hjuihu'],1
['MS-Go/autotrain-data-bart_normaldata'],1
['navidfk/autotrain-data-wine'],1
['projecte-aina/WikiCAT_ca'],1
['micole66/autotrain-data-okmjn-moo'],1
['micole66/autotrain-data-pachyderms-v2'],1
['micole66/autotrain-data-pachyderms-v3'],1
['lucieackley/autotrain-data-welcome-msg'],1
['famube/autotrain-data-documentos-oficiais'],1
['micole66/autotrain-data-furryornot'],1
['Olusegun/autotrain-data-disease_tokens'],1
['teacookies/autotrain-data-15112022-cert2'],1
['teacookies/autotrain-data-15112022-cert3'],1
['teacookies/autotrain-data-15112022-cert4'],1
['teacookies/autotrain-data-15112022-cert6'],1
['teacookies/autotrain-data-15112022-cert7'],1
['teacookies/autotrain-data-15112022-cert8'],1
['teacookies/autotrain-data-16112022-cert'],1
['teacookies/autotrain-data-16112022-cert2'],1
['abhishekgupta/autotrain-data-question-generation4'],1
['teacookies/autotrain-data-14112022-cert'],1
['sasha/autotrain-data-butterfly_similarity_swin'],1
['sasha/autotrain-data-sea-slug-similarity'],1
['sabhashanki/autotrain-data-micro-dataset-text-classification'],1
['MohamedSaad/autotrain-data-covid'],1
['pittawat/autotrain-data-twitter-covid-19-spam-detection'],1
['sumedh/MeQSum'],1
['BigSneed/autotrain-data-sima'],1
['venuv62/autotrain-data-real_or_fake'],1
['venuv62/autotrain-data-rf_auto_gen'],1
['freddiezhang/autotrain-data-honor'],1
['teacookies/autotrain-data-20-12-2022'],1
['jdminor/autotrain-data-t5-large-summary'],1
['puffy310/autotrain-data-synth-cats-or-dogs'],1
['teacookies/autotrain-data-20-12-2022-exam4'],1
['teacookies/autotrain-data-12-20-2022_rated_speed_only_exam'],1
['teacookies/autotrain-data-20-12-2022_rated_speed_exam'],1
['teacookies/autotrain-data-20-12-2022_rated_speed_exam2'],1
['teacookies/autotrain-data-20-12-2022_general_info_exam'],1
['teacookies/autotrain-data-20-12-2022_exam_part3'],1
['Aman6917/autotrain-data-tscholak_finetune_2'],1
['Lunibo/autotrain-data-csgo_dust2_or_mirage'],1
['teacookies/autotrain-data-20-12-2022_rated_speed3_exam'],1
['teacookies/autotrain-data-21-12-2022_rated_speed2'],1
['teacookies/autotrain-data-21-12-2022_exam_part3_1'],1
['BirdL/DalleCatsAndDogs'],1
['jdminor/autotrain-data-pegasus-large-summary-2.0'],1
['famube/autotrain-data-ciap'],1
['alanila/autotrain-data-acc_keys'],1
['famube/autotrain-data-ciap2'],1
['alanila/autotrain-data-tc_ac'],1
['giuliobrugnaro/autotrain-data-short-description-generator'],1
['teacookies/autotrain-data-07122022-2-exam_cert'],1
['teacookies/autotrain-data-07-12-2022-exam-cert3'],1
['ChrisPCz/autotrain-data-finance-consumer-complaints-issue-classification'],1
['Efimov6886/autotrain-data-test_row2'],1
['qiaokuoyuan/autotrain-data-medical-cfa966ee'],1
['sabhashanki/autotrain-data-khul-classify'],1
['breadlicker45/autotrain-data-test2'],1
['Efimov6886/autotrain-data-row3'],1
['breadlicker45/autotrain-data-yahoo-answer-small'],1
['fyhao/autotrain-data-sentiment-analysis'],1
['feralvam/autotrain-data-rustance-stance-xlmr'],1
['acrowth/autotrain-data-preesmetextclassifier'],1
['lehiko/autotrain-data-hamantest'],1
['qiaokuoyuan/autotrain-data-ner-only-effect'],1
['crodri/autotrain-data-massive-4-catalan'],1
['micole66/autotrain-data-feet-typelok'],1
['Abdulkader/autotrain-data-medical-reports-summarizer'],1
['Efimov6886/autotrain-data-row5_db'],1
['sasha/autotrain-data-butterfly-similarity'],1
['sabhashanki/autotrain-data-topic-prediction-latest'],1
['lucieackley/autotrain-data-fitness_message_classification'],1
['ppicazo/autotrain-data-astrophotography-object-classifier-beta4'],1
['ppicazo/autotrain-data-astrophotography-object-classifier-alpha4'],1
['katielink/autotrain-data-cxr-cfdl-repro'],1
['micazevedo/autotrain-data-vision-tcg'],1
['Asma/autotrain-data-event_ar_test'],1
['cnn_dailymail'],1
['davanstrien/autotrain-data-mapreader-5000'],1
['aszfcxcgszdx/autotrain-data-summary-v3'],1
['Asma/autotrain-data-event_conflict'],1
['gjbooth2/autotrain-data-glenn_ntsa_2'],1
['kyle-lucke/autotrain-data-planes'],1
['aszfcxcgszdx/autotrain-data-samsum'],1
['nahorh/autotrain-data-text_summarization_knowdocument'],1
['victor/autotrain-data-satellite-image-classification-11a7e0c2'],1
['Younesao/autotrain-data-test'],1
['mouss/autotrain-data-bikes_1'],1
['aszfcxcgszdx/autotrain-data-samsum-auto'],1
['mouss/autotrain-data-bikes-ag'],1
['mouss/autotrain-data-bbikes'],1
['PavelDanek/autotrain-data-skill2go_summ_mbart'],1
['guriko/autotrain-data-cv-sentiment'],1
['milyiyo/autotrain-data-iptc-classification-v2'],1
['milyiyo/autotrain-data-iptc-classification-v3'],1
['aszfcxcgszdx/autotrain-data-reverse-sum'],1
['Sonnenblume/autotrain-data-test-token-classification'],1
['hg2001/autotrain-data-male-vs-femalee'],1
['bsenker/autotrain-data-swords'],1
['omarques/autotrain-data-flower-classifier-6'],1
['Sarwar242/autotrain-data-fake-reviews-labelling'],1
['omarques/autotrain-data-flower-classification-6'],1
['omarques/autotrain-data-img-classifier-march-2023'],1
['chenhg8680/autotrain-data-mt5-sum'],1
['mziyad/autotrain-data-classify-reviews'],1
['fathyshalab/autotrain-data-reklambox2'],1
['systash/autotrain-data-fake_news_fine_tuned'],1
['jwhandley/autotrain-data-uk-news-slant-classification'],1
['reichaves/autotrain-data-creepy-wapo'],1
['zaib32/autotrain-data-long-t5-tglobal-base-16384-book-summary'],1
['raghuram13/autotrain-data-sentiment_analysis'],1
['lucafrost/autotrain-data-claimcoherence-lf'],1
['lucafrost/autotrain-data-claimcoherence-n500'],1
['ppicazo/autotrain-data-astrophotography-object-classifier-alpha3'],1
['johnpaulbin/autotrain-data-spam'],1
['milyiyo/autotrain-data-iptc-es'],1
['yzx123/autotrain-data-aa'],1
['davanstrien/autotrain-data-map_no_map_twitter_demo'],1
['unlabeledstudiosllc/autotrain-data-client-message-topics'],1
['wofeishenling/autotrain-data-iemocap_text_4'],1
['wendys-llc/autotrain-data-creepy-wapo'],1
['april49/autotrain-data-t5-base'],1
['april49/autotrain-data-mooyaho_v2_real'],1
['april49/autotrain-data-mooyaho_v4'],1
['april49/autotrain-data-mooyaho_v5'],1
['desertdev/autotrain-data-imdb-sentiment-analysis'],1
['xiaoql/autotrain-data-dialogsum4'],1
['madmancity/autotrain-data-bert1'],1
['kentao/autotrain-data-ps-pilot'],1
['Hinataaa/autotrain-data-text_summary_arp'],1
['Abishani/autotrain-data-nlp_text_summarization'],1
['bingcheng45/autotrain-data-nlp'],1
['milyiyo/autotrain-data-iptc-classification-v4'],1
['stevied67/autotrain-data-pegasus-subreddit-comments-summarizer'],1
['altafalam3/autotrain-data-synopsize'],1
['billster45/autotrain-data-song_lyrics'],1
['billster45/autotrain-data-imdb-sentiment'],1
['billster45/autotrain-data-cat_dog'],1
['Hinataaa/autotrain-data-summ_arp_2'],1
['dvilasuero/autotrain-data-alpaca-bs-detector'],1
['Hinataaa/autotrain-data-summ_arp_4'],1
['Ybhav14/autotrain-data-chat-sum-dialogsum-samsum'],1
['sefaozalpadl/autotrain-data-postnashville_antitrans_telegram'],1
['WilliamWen/autotrain-data-activity_parameters'],1
['WilliamWen/autotrain-data-activity_parameters_02'],1
['dvilasuero/autotrain-data-alpaca-gigo-detector'],1
['noharao/autotrain-data-opennohara-thread-title-classification'],1
['vkheman/autotrain-data-multic'],1
['lambdarw/autotrain-data-t5-pegasus_ch_ansmrc'],1
['amiune/autotrain-data-pokemonclassification'],1
['wendys-llc/autotrain-data-amber-mines'],1
['antoineds/autotrain-data-summerswipe'],1
['krenerd/autotrain-data-t5baseparaphrase'],1
['antoineds/autotrain-data-bartswipe'],1
['PavelDanek/autotrain-data-s2g_text_class'],1
['vevlins/autotrain-data-classify'],1
['FEIMENG/autotrain-data-names-10k-en-cn-in-kr-jp-vn'],1
['Hrishikesh332/autotrain-data-meme-classification'],1
['bdevore17/autotrain-data-influencer-brand-classification'],1
['Cleighton071/autotrain-data-prop65'],1
['starcatmeow/autotrain-data-cybersecurity-summarization-pegasus-x-book'],1
['Rickyfwh/autotrain-data-js-classfication-test-2'],1
['stevied67/autotrain-data-pegasus-reddit-summarizer'],1
['DmitriyVasiliev/autotrain-data-yasniysum'],1
['derek-thomas/autotrain-data-banking77-distilroberta'],1
['fathyshalab/autotrain-data-dialogsumgerman'],1
['u23429/autotrain-data-stock-distil'],1
['hifructose/autotrain-data-jira-again'],1
['fathyshalab/autotrain-data-zz'],1
['datadmg/autotrain-data-test-news'],1
['bazudde/autotrain-data-sweet-potato-classification'],1
['antoineds/autotrain-data-swipetest'],1
['K304/autotrain-data-wzd_111'],1
['Kanr1u/autotrain-data-emma2'],1
['DioLiu/autotrain-data-koles_score'],1
['koolerkx/autotrain-data-sns-fake-news'],1
['NehaBardeDUKE/autotrain-data-ai-generated-image-classification'],1
['Ailyth/autotrain-data-2labels'],1
['Kaludi/data-quick-summarization'],1
['hamdan07/autotrain-data-lungultrasound'],1
['biglam/encyclopaedia_britannica_illustrated'],1
['davanstrien/autotrain-data-encyclopaedia-illustrations-blog-post'],1
['ernie-ai/autotrain-data-document-text-language-ar-en-zh'],1
['Yuvraj-Sharma-2000/autotrain-data-train'],1
['kkarpou/autotrain-data-greek-sentiment-analysis'],1
['Kaludi/food-category-classification-v2.0'],1
['mjaydenkim/autotrain-data-ma-detection-test'],1
['marac5/autotrain-data-builty-2-table-searcher'],1
['AllanOuii/autotrain-data-resnet50_mask_classification'],1
['davanstrien/autotrain-data-dataset-mentions'],1
['paulkm/autotrain-data-lottery_prod_v3'],1
['hanselgm/autotrain-data-nlp-exercise'],1
['davanstrien/autotrain-data-ia_covers'],1
['Mantas/autotrain-data-dappradar-clean-long-desc'],1
['badalsahani/autotrain-data-pdf-classification'],1
['zabiullah/autotrain-data-customers_email_sentiment'],1
['Ailyth/autotrain-data-3lables'],1
['Jonnylaw/autotrain-data-flan-t5-tunned'],1
['ranajoy98/autotrain-data-8-class-contract-classify'],1
['samaresh55/autotrain-data-contract_risk_identification_3'],1
['sbrandeis-test-org/autotrain-data-auto-retrain-190471b'],1
['Aman6917/autotrain-data-big_tm4'],1
['tkurtulus/thycomments'],1
['Amal98/autotrain-data-final_model'],1
['Aman6917/autotrain-data-tm4_2_big'],1
['braedennorris/autotrain-data-enterprise_v_consumer'],1
['asaderu/autotrain-data-sunnishia'],1
['PoseyATX/autotrain-data-dbarttrain2'],1
['K304/autotrain-data-text_cla_2'],1
['ankleBowl/autotrain-data-lucy-light-control'],1
['Kaludi/data-reviews-sentiment-analysis'],1
['learnsolana/autotrain-data-chest-xray-demo'],1
['Kaludi/data-food-classification'],1
['lucafrost/autotrain-data-claimbuster'],1
['scy99/autotrain-data-todo'],1
['Sushovan/autotrain-data-test-text-classification'],1
['scy99/autotrain-data-hello_summarization'],1
['ashutoshmondal/autotrain-data-pneumo'],1
['ashutoshmondal/autotrain-data-pneumo-v3'],1
['happycart/autotrain-data-text-classification-ingredients'],1
['ekincanozcelik/autotrain-data-okr_iptal'],1
['asaderu/autotrain-data-sunnishia_2'],1
['sonyTW/autotrain-data-prepaid_test'],1
['harshasurampudi/autotrain-data-intent-classification-roberta'],1
['Andrei95/autotrain-data-jobbert-9'],1
['Andrei95/autotrain-data-jobbert-10'],1
['Andrei95/autotrain-data-jobbert11'],1
['Andrei95/autotrain-data-jobbert-12'],1
['zaib32/autotrain-data-finetuned_distillbart'],1
['zaib32/autotrain-data-209_distillbart'],1
['CharlemagneDeer/autotrain-data-selenophake'],1
['Andrei95/autotrain-data-jobbert15'],1
['opiljain/autotrain-data-flags'],1
['hanselgm/autotrain-data-bert-nlp'],1
['ziadA123/autotrain-data-test_prepreocessing2'],1
['zaib32/autotrain-data-bart_jobs_description'],1
['derek-thomas/autotrain-data-i-bert-twitter-sentiment'],1
['modamsko/autotrain-data-idnt'],1
['lucieackley/autotrain-data-woc_coach'],1
['reachosen/autotrain-data-sdohv7'],1
['lambdarw/autotrain-data-pret5-base-re'],1
['zaib32/autotrain-data-flan_t5_jobs_description_209'],1
['zaib32/autotrain-data-flan_t5_large_jobs_description_209'],1
['ram119900/autotrain-data-tax_issues'],1
['prjc/autotrain-data-cz-sort'],1
['opiljain/autotrain-data-cardamage'],1
['Andrei95/autotrain-data-jobberta-23'],1
['acrowth/autotrain-data-preesmefirstpageclassificationnew'],1
['PoseyATX/autotrain-data-secondpassbafnbs'],1
['1024khandsom/autotrain-data-ant-bee'],1
['badalsahani/autotrain-data-text-classification'],1
['zaib32/autotrain-data-flant5_jobs_description_summary'],1
['zaib32/autotrain-data-finetune_17-0'],1
['gjbooth2/autotrain-data-glenn_epa_second_pooled_25'],1
['davanstrien/autotrain-data-dataset-mentions-160223'],1
['Saripudin/autotrain-data-bbc-news-classifier'],1
['DioLiu/autotrain-data-koles_score2'],1
['zaib32/autotrain-data-jobs_description_distilbart-cnn-12-6'],1
['ashutoshmondal/autotrain-data-wilderv2'],1
['Andrei95/autotrain-data-jobbert3'],1
['zaib32/autotrain-data-pegasus_jobs_description'],1
['0Tick/E621-Random-PostsTag-Scrape'],1
['LeaBresson/autotrain-data-summarization-pubmed-sample'],1
['Kluuking/autotrain-data-flight-delay'],1
['gjbooth2/autotrain-data-glenn_ntsa_1'],1
['abhibagda/autotrain-data-email_tagger'],1
['fathyshalab/autotrain-data-reklam-filtered'],1
['Mantas/autotrain-data-dappradar-long-desc-summariation'],1
['acrowth/autotrain-data-touring3'],1
['ziadA123/autotrain-data-adult-classification'],1
['Andrei95/autotrain-data-skill4'],1
['Andrei95/autotrain-data-jobbert2'],1
['kkmkorea/autotrain-data-patentmatch'],1
['FabsCool/autotrain-data-T5Base1_1'],1
['yogi/autotrain-data-amazon_text_sum'],1
['jurader/autotrain-data-livedoor_news'],1
['vabadeh213/autotrain-data-iine_classification10'],1
['vabadeh213/autotrain-data-wikihow'],1
['ndavid/autotrain-data-trec-fine-bert'],1
['jason9693/APEACH'],1
['vabadeh213/autotrain-data-iris'],1
['vabadeh213/autotrain-data-titanic'],1
['crcb/autotrain-data-go_emo'],1
['js3078/autotrain-data-BerTweet'],1
['Norod78/MuppetFaces'],1
['zainalq7/autotrain-data-NLU_crypto_sentiment_analysis'],1
['xInsignia/autotrain-data-Online_orders-5cf92320'],1
['rabiaqayyum/autotrain-data-mental-health-analysis'],1
['intellisr/autotrain-data-twitterMbti'],1
['Souvikcmsa/autotrain-data-sentimentAnalysis_By_Souvik'],1
['ktangri/autotrain-data-financial-sentiment'],1
['Lucifermorningstar011/autotrain-data-ner'],1
['crcb/autotrain-data-carer_new'],1
['Fake and real news datasets by CLÃ‰MENT BISAILLON'],1
['crcb/autotrain-data-isear_bert'],1
['crcb/autotrain-data-carer_5way'],1
['Rem59/autotrain-data-Test_2'],1
['crcb/autotrain-data-hate_speech'],1
['doctorlan/autonlp-data-ctrip'],1
['doctorlan/autonlp-data-JD-bert'],1
['McIan91/autonlp-data-test'],1
['esiebomajeremiah/autonlp-data-email-classification'],1
['sumedh/autotrain-data-MeQSum-1'],1
['FuriouslyAsleep/autotrain-data-markingClassifier'],1
['FuriouslyAsleep/autotrain-data-techDataClassifeier'],1
['McIan91/autotrain-data-parrot_finetune_v1'],1
['McIan91/autotrain-data-phrasinator-reverse'],1
['bozelosp/autotrain-data-legit-keyword'],1
['ikram54/autotrain-data-harassement'],1
['jicoc22578/autotrain-data-livedoor_news'],1
['gabitoo1234/autotrain-data-mut_all_text'],1
['vlsb/autotrain-data-security-texts-classification-roberta'],1
['vlsb/autotrain-data-security-texts-classification-distilroberta'],1
['vlsb/autotrain-data-security-text-classification-albert'],1
['unjustify/autotrain-data-IWant'],1
['unjustify/autotrain-data-commonsence'],1
['abd-1999/autotrain-data-bbc-news-summarization'],1
['unjustify/autotrain-data-commonsense_1'],1
['ramnika003/autotrain-data-sentiment_analysis_project'],1
['unjustify/autotrain-data-Create_Question_Model'],1
['shubh024/autotrain-data-intentclassificationfilipino'],1
['Hodiden/autotrain-data-TestProj'],1
['KeithHorgan98/autotrain-data-TweetClimateAnalysis'],1
['ismail-lucifer011/autotrain-data-name_vsv_all'],1
['ismail-lucifer011/autotrain-data-company_vs_all'],1
['jonas/osdg_sdg_data_processed'],1
['ismail-lucifer011/autotrain-data-job_all'],1
['vreese2414/autotrain-data-test-frank'],1
['Rebreak/autotrain-data-News'],1
['Yah216/Poem_Rawiy_detection'],1
['Ritvik19/autotrain-data-sentiment_polarity'],1
['CH0KUN/autotrain-data-TNC_Domain_WangchanBERTa'],1
['pujaburman30/autotrain-data-hi_ner_xlmr_large'],1
['CH0KUN/autotrain-data-TNC_Data1000_wangchanBERTa'],1
['EAST/autotrain-data-Rule'],1
['rajistics/autotrain-data-Adult'],1
['cjbarrie/autotrain-data-masress-medcrit-binary-5'],1
['nitishkumargundapu793/autotrain-data-chat-bot-responses'],1
['victorlifan/autotrain-data-song_title_generate'],1
['spy24/autotrain-data-expand'],1
['BraveOni/autotrain-data-2ch-text-classification'],1
['spy24/autotrain-data-expand-parrot'],1
['chradden/autotrain-data-Twitter_Sentiment'],1
['masifayub/autotrain-data-PAN'],1
['tayyaba/autotrain-data-pan'],1
['Jerimee/autotrain-data-dontknowwhatImdoing'],1
['justpyschitry/autotrain-data-Psychiatry_Article_Identifier'],1
['CH0KUN/autotrain-data-TNC_Data2500_WangchanBERTa'],1
['faisalahmad2/autotrain-data-nlp-text-summarization-by-faisal'],1
['Sathira/autotrain-data-mbtiNlp'],1
['Mim/autotrain-data-procell-expert'],1
['agnihotri/autotrain-data-contract_type'],1
['charly/autotrain-data-sentiment-4'],1
['crcb/autotrain-data-go_emo_new'],1
['tristantristantristan/autotrain-data-rumour_detection'],1
['Gootter/autotrain-data-Bart_683'],1
['EAST/autotrain-data-maysix'],1
['retextly/autotrain-data-test'],1
['hidude562/autotrain-data-SimpleDetect'],1
['jeremyccollinsmpi/autotrain-data-inference_probability_3'],1
['jeremyccollinsmpi/autotrain-data-inference_probability_2'],1
['lewtun/autotrain-data-my-eval-project-615'],1
['ziedhajyahia/autotrain-data-ok'],1
['Yarn/autotrain-data-Traimn'],1
['pujaburman30/autotrain-data-hi_ner_xlmr'],1
['emre/autotrain-data-turkish-sentiment-analysis'],1
['Yarn007/autotrain-data-Napkin'],1
['Amalq/autotrain-data-smm4h_large_roberta_clean'],1
['nthanhha26/autotrain-data-test-project'],1
['priyamm/autotrain-data-KeywordExtraction'],1
['Vmuaddib/autotrain-data-gudel-department-classifier-clean'],1
['Mim/autotrain-data-biobert-procell'],1
['pier297/autotrain-data-chemprot-re'],1
['adelgasmi/autonlp-data-kpmg_nlp'],1
['adrianmoses/autonlp-data-auto-nlp-lyrics-classification'],1
['akilesh96/autonlp-data-mrcooper_text_classification'],1
['alecmullen/autonlp-data-group-classification'],1
['alperiox/autonlp-data-user-review-classification'],1
['alvp/autonlp-data-alberti-stanza-names'],1
['am4nsolanki/autonlp-data-text-hateful-memes'],1
['amansolanki/autonlp-data-Tweet-Sentiment-Extraction'],1
['anegi/autonlp-data-dialogue-summariztion'],1
['anel/autonlp-data-cml'],1
['anelnurkayeva/autonlp-data-covid'],1
['gabitoo1234/autonlp-data-mut_uchile'],1
['bgoel4132/autonlp-data-tweet-disaster-classifier'],1
['bgoel4132/autonlp-data-twitter-sentiment'],1
['bitmorse/autonlp-data-ks'],1
['bozelosp/autonlp-data-sci-relevance'],1
['danicodes/autonlp-data-legal-text-summary'],1
['dee4hf/autonlp-data-shajBERT'],1
['dtam/autonlp-data-covid-fake-news'],1
['emekaboris/autonlp-data-new_tx'],1
['gagandeepkundi/autonlp-data-text-classification'],1
['gborn/autonlp-data-news-summarization'],1
['joehdownardkainos/autonlp-data-intent-modelling'],1
['juliensimon/autonlp-data-reuters-summarization'],1
['astarostap/autonlp-data-antisemitism-2'],1
['Eric Peter/autonlp-data-EN-LUG'],1
['EricPeter/autonlp-data-MarianMT_lg_en'],1
['Aimendo/autonlp-data-triage'],1
['Ajay191191/autonlp-data-Test'],1
['Anamika/autonlp-data-Feedback1'],1
['Anamika/autonlp-data-fa'],1
['Anorak/autonlp-data-Niravana-test2'],1
['AryanLala/autonlp-data-Scientific_Title_Generator'],1
['Crasher222/autonlp-data-kaggle-test'],1
['Emanuel/autonlp-data-pos-tag-bosque'],1
['Fauzan/autonlp-data-judulberita'],1
['abhishek/autonlp-data-toxic-new'],1
['Jush/autonlp-data-bp'],1
['MadhurJindalWorkMail/autonlp-data-Gibb-Detect'],1
['Monsia/autonlp-data-tweets-classification'],1
['Neuralearn/autonlp-data-Summarization-AutoNLP'],1
['Qinghui/autonlp-data-fake-covid-news'],1
['Smone55/autonlp-data-au_topics'],1
['Tarang1998/autonlp-data-pegasus'],1
['XYHY/autonlp-data-123'],1
['abhishek/autonlp-data-bbc-news-classification'],1
['abhishek/autonlp-data-bbc-roberta'],1
['abhishek/autonlp-data-imdb-roberta-base'],1
['abhishek/autonlp-data-prodigy-10'],1
['Jeska/autonlp-data-vaccinfaq'],1
['spy24/autonlp-data-US-to-AUS3'],1
['spy24/autonlp-data-US-to-UK'],1
['spy24/autonlp-data-US-to-UK2'],1
['spy24/autonlp-data-US_to_AUS'],1
['spy24/autonlp-data-paraphrasing'],1
['staceythompson/autonlp-data-new-text-classification'],1
['testing/autonlp-data-ingredient_sentiment_analysis'],1
['vinaydngowda/autonlp-data-case-classify-xlnet'],1
['wangsheng/autonlp-data-poi_train'],1
['yosemite/autonlp-data-imdb-sentiment-analysis-english'],1
['ysslang/autonlp-data-test'],1
['jwuthri/autonlp-data-shipping_status_2'],1
['zwang199/autonlp-data-traffic_nlp_binary'],1
['Kamuuung/autonlp-data-lessons_tagging'],1
['spy24/autonlp-data-optimized-paraphrasing'],1
['spy24/autonlp-data-parrot_paraphrasing'],1
['abhishek/autonlp-data-swahili-sentiment'],1
['kyleinincubated/autonlp-data-abbb'],1
['chiragme/autonlp-data-imdb-sentiment-analysis'],1
['kyleinincubated/autonlp-data-cat333'],1
['kyleinincubated/autonlp-data-cat33'],1
['Chijioke/autonlp-data-mono'],1
['test1345/autonlp-data-savesome'],1
['DrishtiSharma/autonlp-data-Text-Classification-Catalonia-Independence-AutoNLP'],1
['zwang199/autonlp-data-traffic-nlp'],1
['kSaluja/autonlp-data-tele_new_5k'],1
['kSaluja/autonlp-data-tele_red_data_model'],1
['kbhugging/autonlp-data-text2sql'],1
['lidiia/autonlp-data-trans_class_arg'],1
['lucianpopa/autonlp-data-SST1'],1
['lucianpopa/autonlp-data-SST2'],1
['lucianpopa/autonlp-data-TREC-classification'],1
['madhurjindal/autonlp-data-Gibberish-Detector'],1
['maximedb/autonlp-data-vaccinchat'],1
['mazancourt/autonlp-data-politics-sentence-classifier'],1
['medA/autonlp-data-FR_another_test'],1
['nihaldsouza1/autonlp-data-yelp-rating-classification'],1
['spy24/autonlp-data-UK-to-US'],1
['pediberto/autonlp-data-testing'],1
['redadmiral/autonlp-data-Headline-Generator'],1
['rexxar96/autonlp-data-roberta-large-finetuned'],1
['rexxar96/autonlp-data-sentiment-analysis'],1
['rodrigogelacio/autonlp-data-department-classification'],1
['rohansingh/autonlp-data-Fake-news-detection-system'],1
['sam890914/autonlp-data-roberta-large2'],1
['sarahlmk/autonlp-data-imdb-classification'],1
['sbrandeis/autonlp-data-emotion-classification-pre'],1
['sienog/autonlp-data-mt5-xlsum'],1
['spy24/autonlp-data-AUS-to-US'],1
['spy24/autonlp-data-AUS-to-US2'],1
['panashe/autonlp-data-eo'],1
['omarques/autotrain-data-dogs-and-cats'],1
['omarques/autotrain-data-test-dogs-cats'],1
['Alexei1/autotrain-data-imdb-sentiment-analysis'],1
['Phoenyx83/autotrain-data-fake-news-classification'],1
['ankleBowl/autotrain-data-lucy-song-request'],1
['gazquez/autotrain-data-yoda-fits'],1
['mklehr/autotrain-data-byt5-summary'],1
['lewtun/autotrain-data-sphere-banking77'],1
['lewtun/autotrain-data-sphere-emotion'],1
['bggmyfuture-ai/autotrain-data-sphere-intent-classification'],1
['sairahul5223/autotrain-data-auto-train-intent-classification-20220928'],1
['ouiame/autotrain-data-orangesum'],1
['imranraad/autotrain-data-magpie-metaphor-xlmr'],1
['mrosinski/autotrain-data-distilbert-risk-ranker'],1
['Akhror/autotrain-data-text-classification-kunuz'],1
['lewtun/dog_food'],1
['mouss/autotrain-data-damages'],1
['Akshata/autotrain-data-person-name-validity1'],1
['flori1995/autotrain-data-khilhlkhlk'],1
['Colby/autotrain-data-ai-image-detector'],1
['bvint/autotrain-data-sphere-lecture-demo'],1
['hemangjoshi37a/autotrain-data-stocks-ner-2000-sample-test'],1
['juliensimon/autotrain-data-chest-xray-demo'],1
['tursunali/autotrain-data-isuzu-f-left'],1
['hoshingakag/autotrain-data-emotion-detection'],1
['luch0247/autotrain-data-Lucy-Alicorp'],1
['neuralspace/autotrain-data-ecomm1.8'],1
['aaazzzz/autotrain-data-cuisine_classification'],1
['rahulmallah/autotrain-data-emotion-detection'],1
['Azizjah/autotrain-data-arabic_cuisine'],1
['neuralspace/autotrain-data-citizen_nlu_bn'],1
['neuralspace/autotrain-data-citizen_nlu_hindi'],1
['dhruv0808/autotrain-data-ad_detection_ver_1'],1
['DominikB/autotrain-data-person-classifier'],1
['monkseal555/autotrain-data-hurricane3'],1
['victor/autotrain-data-donut-vs-croissant'],1
['tianchez/autotrain-data-line_clip_no_nut_boltline_clip_no_nut_bolt'],1
['nuts/autotrain-data-human_art_or_not'],1
['shahukareem/autotrain-data-hedhikaa-classification'],1
['NimaBoscarino/autotrain-data-temp-nima'],1
['Laksitha/autotrain-data-tosdr_tldr_legal_summarisation_v1'],1
['prathap-reddy/autotrain-data-climate-text-classification'],1
['MommySernox/autotrain-data-furrygendataset'],1
['YilinWang42/autotrain-data-trial-run'],1
['lehomme/autotrain-data-pruebaa'],1
['hemangjoshi37a/autotrain-data-ratnakar_1000_sample_curated'],1
['shamr9/autotrain-data-firsttransformersproject'],1
['joshuaperk/autotrain-data-earnings-transcript-summary'],1
['roupenminassian/autotrain-data-stripai_test'],1
['davanstrien/autotrain-data-encyclopedia_britannica'],1
['zap8600/autotrain-data-t5-billsum'],1
['teacookies/autotrain-data-21102022-cert'],1
['teacookies/autotrain-data-21102022_cert_check_date'],1
['SergioVillanueva/autotrain-data-person-intruder-classification'],1
['kem000123/autotrain-data-model1-binary-class'],1
['kem000123/autotrain-data-model2-text-class'],1
['teacookies/autotrain-data-231022022-cert4'],1
['teacookies/autotrain-data-24102022_cert'],1
['teacookies/autotrain-data-24102022-cert2'],1
['kem000123/autotrain-data-cat_vs_dogs'],1
['teacookies/autotrain-data-24102022-cert4'],1
['deepaksiloka/autotrain-data-name_classification'],1
['teacookies/autotrain-data-24102022-cert6'],1
['teacookies/autotrain-data-24102022-cert7'],1
['teacookies/autotrain-data-24102022-cert9'],1
['kroos/autotrain-data-book_recommender'],1
['teacookies/autotrain-data-25102022-cert1'],1
['teacookies/autotrain-data-25102022-cert2'],1
['JamesH/autotrain-data-third-project'],1
['teacookies/autotrain-data-27102022-cert1'],1
['teacookies/autotrain-data-27102022-cert'],1
['lewtun/autotrain-data-mgb-product-reviews-xlm-r'],1
['lewtun/autotrain-data-mgb-product-reviews-mbert'],1
['teacookies/autotrain-data-28102022'],1
['teacookies/autotrain-data-24102022-cert5'],1
['deepaksiloka/autotrain-data-name_classification_3'],1
['renee127/autotrain-data-vision_6_categories_70_images_each'],1
['asadcr/autotrain-data-intelligize-edgar-analysis-2'],1
['rgoldstein/autotrain-data-movie-rationales'],1
['jlh/autotrain-data-t5-clickbait-binary'],1
['DingYao/autotrain-data-fbert-singlish'],1
['jwan2021/autotrain-data-jwan-autotrain1'],1
['pachi107/autotrain-data-in-class-test'],1
['teacookies/autotrain-data-17102022-cert'],1
['teacookies/autotrain-data-17102022133-cert'],1
['teacookies/autotrain-data-17101457-1200cut_rich_neg'],1
['teacookies/autotrain-data-17102022_only_sceond_label_no_split'],1
['kjhanjee/autotrain-data-code_classification'],1
['teacookies/autotrain-data-17102022_modifty_split_func_cert'],1
['teacookies/autotrain-data-17102022_relabel'],1
['teacookies/autotrain-data-17102022-cert_update_date'],1
['teacookies/autotrain-data-171022-update_label2'],1
['teacookies/autotrain-data-17102022-update_scope_and_date'],1
['teacookies/autotrain-data-181022022-cert'],1
['micole66/autotrain-data-animals'],1
['micole66/autotrain-data-strano-o-normale'],1
['teacookies/autotrain-data-18102022_retoken'],1
['micole66/autotrain-data-pachyderm'],1
['micole66/autotrain-data-sexy-or-ugly'],1
['micole66/autotrain-data-mercuryorsodium'],1
['teacookies/autotrain-data-17102022_change_modlel'],1
['scaccomatto/autotrain-data-60-50'],1
['scaccomatto/autotrain-data-120-50'],1
['scaccomatto/autotrain-data-120-0'],1
['scaccomatto/autotrain-data-260-0'],1
['Luojike/autotrain-data-test_3'],1
['Luojike/autotrain-data-test-4-macbert'],1
['scaccomatto/autotrain-data-dataset-en-5-mini-1-50-truncate'],1
['scaccomatto/autotrain-data-dataset-en-5-mini-1-50-num'],1
['mf99/autotrain-data-sum-200-random'],1
['datien228/autotrain-data-summary-text'],1
['zhifei/autotrain-data-chinese-title-summarization-1'],1
['SamAct/autotrain-data-t3'],1
['zhifei/autotrain-data-chineses-title-summarization-3'],1
['dddb/autotrain-data-test'],1
"['abhishek/autotrain-data-adult-train', 'scikit-learn/adult-census-income']",1
['tho-clare/autotrain-data-Text-Generate'],1
['dee4hf/autotrain-data-deephate2'],1
['zhifei/autotrain-data-chinese-title-summarization-8'],1
['zhifei/autotrain-data-autotrain-chinese-title-summarization-9'],1
['mbyanfei/autotrain-data-amazon-shoe-reviews-classification'],1
['jk-gjom/autotrain-data-jk123'],1
['Johny201/autotrain-data-article_pred'],1
['vencortexTeam/autotrain-data-CompanyDescription'],1
['snap/autotrain-data-argument-feedback'],1
['Danitg95/autotrain-data-kaggle-effective-arguments'],1
['Siddish/autotrain-data-yes-or-no-classifier-on-circa'],1
['deepesh0x/autotrain-data-GlueModels'],1
['lucianpopa/autotrain-data-qn-classification'],1
['abhishek/autotrain-data-vision_528a5bd60a4b4b1080538a6ede3f23c7'],1
"['abhishek/autotrain-data-vision_652fee16113a4f07a2452e021a22a934', 'sasha/dog-food']",1
"['abhishek/autotrain-data-vision_79ca848474e24ad3a520c09e36452e85', 'cifar10']",1
['deepesh0x/autotrain-data-bert_wikipedia_sst2'],1
['justpyschitry/autotrain-data-Wikipeida_Article_Classifier_by_Chap'],1
"['abhishek/autotrain-data-vision_877913e77fb94b7abd4dafc5ebf830b0', 'fashion_mnist']",1
['hellennamulinda/autotrain-data-agric-eng-lug'],1
"['lewtun/autotrain-data-acronym-identification', 'acronym_identification']",1
['kzkymn/autotrain-data-livedoor_news_summarization'],1
['deepesh0x/autotrain-data-finetunedmodel1'],1
['AI-Prize-Challenges/autotrain-data-finetuned1'],1
['p123/autotrain-data-my-sum'],1
['zyxzyx/autotrain-data-sum'],1
['danielmantisnlp/autotrain-data-oms-ner-bi'],1
['deepesh0x/autotrain-data-glue1'],1
['kakashi210/autotrain-data-tweet-sentiment-classifier'],1
['mhaegeman/autotrain-data-country-recognition'],1
['zhifei/autotrain-data-chinese-title-summarization'],1
['dddb/autotrain-data-mt5_chinese_small_finetune'],1
['abhishek/autotrain-data-imdbtestmodel'],1
['Maxbnza/autotrain-data-address-training'],1
['deepesh0x/autotrain-data-finetunedmodelbert'],1
['yuan1729/autotrain-data-YuAN-lawthone-CL_facts_backTrans'],1
['yuan1729/autotrain-data-Law-0_'],1
['yuan1729/autotrain-data-laws_1'],1
['shreyas-singh/autotrain-data-MedicalTokenClassification'],1
['aujer/autotrain-data-not_interested_8_19'],1
['mclion/autotrain-data-test1'],1
['ckirby/autotrain-data-pat-abst'],1
['nguyenkhoa2407/autotrain-data-default_model_favsbot_data'],1
['abhishek/autotrain-data-indian-food-image-classification'],1
['noob123/autotrain-data-app_review_bert_train'],1
['noob123/autotrain-data-app_review_train_roberta'],1
['ar2rpapian/autotrain-data-Flexport_Classification_Desc'],1
['noob123/autotrain-data-app_review_train_albert'],1
['dav3794/autotrain-data-demo-knots2'],1
['dav3794/autotrain-data-demo-knots3'],1
['dav3794/autotrain-data-demo-knots-all'],1
['dav3794/autotrain-data-demo-knots-1-2'],1
['dav3794/autotrain-data-demo-knots_1_8'],1
['Gabriel/cnn_daily_swe'],1
['dav3794/autotrain-data-demo-knots-1-2_bis'],1
['AaronCU/autotrain-data-attribute-classification'],1
['EricPeter/autotrain-data-comments'],1
['PhucLe/autotrain-data-LRO_v1.0.2'],1
['PhucLe/autotrain-data-LRO_v1.0.2b'],1
['noob123/autotrain-data-app_review_train_dilbert'],1
['abhishek/autotrain-data-summtest1'],1
['ameerazam08/autotrain-data-imdb'],1
"['rajistics/autotrain-data-auditor-sentiment', 'FinanceInc/auditor_sentiment']",1
['Shenzy/autotrain-data-sentence_classification'],1
['Shenzy2/autotrain-data-NER4DesignTutor'],1
['jcashmoney123/autotrain-data-amazon-summarization'],1
['jcashmoney123/autotrain-data-amz'],1
['ben-yu/autotrain-data-MS2'],1
['benjamyu/autotrain-data-ms-2'],1
['singhajeet13/autotrain-data-summarization-test'],1
['jcashmoney123/autotrain-data-test-summarization'],1
['azizkh/autotrain-data-j-multi-classification'],1
['qinguan/autotrain-data-dl-assignment-two-part-one'],1
"['Blaise-g/autotrain-data-SumPubmed', 'Blaise-g/SumPubmed']",1
['Jacobsith/autotrain-data-Hello_there'],1
['BenWord/autotrain-data-APM2'],1
['aujer/autotrain-data-not_interested_2'],1
['aujer/autotrain-data-not_interested_1'],1
['BenWord/autotrain-data-APMv2Multiclass'],1
['Akbar-Ali/autotrain-data-News_Summariser_Eng'],1
['vishw2703/autotrain-data-unisumm_3'],1
['jfan-98/autotrain-data-LegalLong_on_contracts'],1
['aujer/autotrain-data-not_interested_3'],1
['WLD/autotrain-data-Sum'],1
['PhucLe/autotrain-data-LRO-tratify-data'],1
['Shenzy2/autotrain-data-tk'],1
